<?xml version='1.0' encoding='UTF-8'?>
<epsilon_values>
<atom_pair>
<first>C</first>
<second>C</second>
<epsilon>0.150</epsilon>
</atom_pair>
<atom_pair>
<first>C</first>
<second>N</second>
<epsilon>0.155</epsilon>
</atom_pair>
<atom_pair>
<first>C</first>
<second>O</second>
<epsilon>0.173</epsilon>
</atom_pair>
<atom_pair>
<first>C</first>
<second>S</second>
<epsilon>0.173</epsilon>
</atom_pair>
<atom_pair>
<first>C</first>
<second>H</second>
<epsilon>0.055</epsilon>
</atom_pair>
<atom_pair>
<first>N</first>
<second>C</second>
<epsilon>0.155</epsilon>
</atom_pair>
<atom_pair>
<first>N</first>
<second>N</second>
<epsilon>0.160</epsilon>
</atom_pair>
<atom_pair>
<first>N</first>
<second>O</second>
<epsilon>0.179</epsilon>
</atom_pair>
<atom_pair>
<first>N</first>
<second>S</second>
<epsilon>0.179</epsilon>
</atom_pair>
<atom_pair>
<first>N</first>
<second>H</second>
<epsilon>0.057</epsilon>
</atom_pair>
<atom_pair>
<first>O</first>
<second>C</second>
<epsilon>0.173</epsilon>
</atom_pair>
<atom_pair>
<first>O</first>
<second>N</second>
<epsilon>0.179</epsilon>
</atom_pair>
<atom_pair>
<first>O</first>
<second>O</second>
<epsilon>0.200</epsilon>
</atom_pair>
<atom_pair>
<first>O</first>
<second>S</second>
<epsilon>0.200</epsilon>
</atom_pair>
<atom_pair>
<first>O</first>
<second>H</second>
<epsilon>0.063</epsilon>
</atom_pair>
<atom_pair>
<first>S</first>
<second>C</second>
<epsilon>0.173</epsilon>
</atom_pair>
<atom_pair>
<first>S</first>
<second>N</second>
<epsilon>0.179</epsilon>
</atom_pair>
<atom_pair>
<first>S</first>
<second>O</second>
<epsilon>0.200</epsilon>
</atom_pair>
<atom_pair>
<first>S</first>
<second>S</second>
<epsilon>0.200</epsilon>
</atom_pair>
<atom_pair>
<first>S</first>
<second>H</second>
<epsilon>0.063</epsilon>
</atom_pair>
<atom_pair>
<first>H</first>
<second>C</second>
<epsilon>0.055</epsilon>
</atom_pair>
<atom_pair>
<first>H</first>
<second>N</second>
<epsilon>0.057</epsilon>
</atom_pair>
<atom_pair>
<first>H</first>
<second>O</second>
<epsilon>0.063</epsilon>
</atom_pair>
<atom_pair>
<first>H</first>
<second>S</second>
<epsilon>0.063</epsilon>
</atom_pair>
<atom_pair>
<first>H</first>
<second>H</second>
<epsilon>0.020</epsilon>
</atom_pair>
</epsilon_values>
